{"cameraMode":{"drawMode":0,"name":"Shaded","section":"Shading Mode"},"sceneLighting":false,"audioPlay":false,"sceneViewState":{"showFog":true,"showMaterialUpdate":false,"showSkybox":false,"showFlares":true,"showImageEffects":true,"showParticleSystems":true},"in2DMode":false,"pivot":{"x":0.0,"y":0.10772360861301422,"z":-5.21540641784668e-8},"rotation":{"x":-0.05029198154807091,"y":-0.6686055660247803,"z":0.04540780186653137,"w":-0.7405267953872681},"size":0.20246563851833344,"orthographic":false}