{"cameraMode":{"drawMode":0,"name":"Shaded","section":"Shading Mode"},"sceneLighting":false,"audioPlay":false,"sceneViewState":{"showFog":true,"showMaterialUpdate":false,"showSkybox":false,"showFlares":true,"showImageEffects":true,"showParticleSystems":true},"in2DMode":false,"pivot":{"x":-1.0446127653121949,"y":0.3139447867870331,"z":-7.761408805847168},"rotation":{"x":-0.04228883981704712,"y":-0.018885033205151559,"z":0.0007993648760020733,"w":-0.9989316463470459},"size":1.074638843536377,"orthographic":false}