{"cameraMode":{"drawMode":0,"name":"Shaded","section":"Shading Mode"},"sceneLighting":false,"audioPlay":false,"sceneViewState":{"showFog":true,"showMaterialUpdate":false,"showSkybox":false,"showFlares":true,"showImageEffects":true,"showParticleSystems":true},"in2DMode":false,"pivot":{"x":-0.025537759065628053,"y":0.1899999976158142,"z":-10.718500137329102},"rotation":{"x":0.04079870507121086,"y":0.006305644754320383,"z":-0.00028465993818826973,"w":0.9991722106933594},"size":0.8255201578140259,"orthographic":false}